1|1|4/26/2024 7:16:56 PM|1|2|t|f|True
2|2|5/10/2024 3:31:38 PM|1|2|t|f|False
3|2|5/11/2024 8:48:37 AM|1|2|t|f|False
4|2|5/11/2024 8:50:06 AM|1|2|t|Reservation modification for 25/05/2024 has been approved.|False
5|2|5/11/2024 8:51:14 AM|1|2|t|Reservation modification for 25/05/2024 has been approved.|False
6|3|5/11/2024 8:51:18 AM|1|2|t|Reservation modification for 01/06/2024 has not been approved.|False
7|2|5/31/2024 11:33:06 PM|1|2|t|Reservation modification for 25/05/2024 has been approved.|False
8|2|5/31/2024 11:33:10 PM|1|2|t|Reservation modification for 25/05/2024 has been approved.|False
9|2|5/31/2024 11:33:26 PM|1|2|t|Reservation modification for 25/05/2024 has been approved.|False
10|2|5/31/2024 11:33:27 PM|1|2|t|Reservation modification for 25/05/2024 has been approved.|False
11|2|5/31/2024 11:33:27 PM|1|2|t|Reservation modification for 25/05/2024 has been approved.|False
12|3|5/31/2024 11:33:31 PM|1|2|t|Reservation modification for 01/06/2024 has been approved.|False
13|3|5/31/2024 11:33:33 PM|1|2|t|Reservation modification for 01/06/2024 has been approved.|False
14|4|5/31/2024 11:45:43 PM|1|2|t|Reservation modification for 03/05/2024 has been approved.|False
15|4|5/31/2024 11:45:45 PM|1|2|t|Reservation modification for 03/05/2024 has been approved.|False
16|2|5/31/2024 11:46:02 PM|1|2|t|Reservation modification for 25/05/2024 has been approved.|False
17|2|5/31/2024 11:46:04 PM|1|2|t|Reservation modification for 25/05/2024 has been approved.|False
18|2|5/31/2024 11:46:05 PM|1|2|t|Reservation modification for 25/05/2024 has been approved.|False
19|2|5/31/2024 11:46:06 PM|1|2|t|Reservation modification for 25/05/2024 has been approved.|False
20|2|5/31/2024 11:46:06 PM|1|2|t|Reservation modification for 25/05/2024 has been approved.|False
21|2|5/31/2024 11:48:34 PM|1|2|t|Reservation modification for 25/05/2024 has been approved.|False
22|2|5/31/2024 11:50:23 PM|1|2|t|Reservation modification for 25/05/2024 has been approved.|False
23|2|5/31/2024 11:50:24 PM|1|2|t|Reservation modification for 25/05/2024 has been approved.|False
24|2|5/31/2024 11:53:03 PM|1|2|t|Reservation modification for 25/05/2024 has been approved.|False
25|2|6/1/2024 12:03:51 AM|1|2|t|Reservation modification for 25/05/2024 has been approved.|False
